引擎名称,开发公司,主要特点,CPU性能,GPU性能,跨平台支持,易用性,部署难度,适用场景,优点,缺点,推理速度(相对),模型支持,硬件要求,依赖复杂度,移动端支持,边缘设备支持,精度支持,社区活跃度,文档质量,适合初学者,生产环境推荐度

ONNX Runtime,Microsoft,跨平台跨框架通用推理引擎,⭐⭐⭐,⭐⭐⭐⭐,⭐⭐⭐⭐⭐,⭐⭐⭐⭐⭐,低,通用部署/快速开发/原型验证,"1.兼容性最好支持所有主流框架(PyTorch/TensorFlow/Keras等) 2.跨平台支持完善(Windows/Linux/macOS/Android/iOS) 3.安装简单依赖少 4.文档完善社区活跃 5.支持CPU和GPU加速 6.适合快速部署","1.性能不是最优比TensorRT慢30-50% 2.某些高级优化需要手动配置 3.GPU加速不如TensorRT极致",基准(1.0x),ONNX格式(支持从PyTorch/TF/Keras导出),CPU/NVIDIA GPU/AMD GPU,低,⭐⭐⭐⭐,⭐⭐⭐⭐,FP32/FP16/INT8,⭐⭐⭐⭐⭐,⭐⭐⭐⭐⭐,是,⭐⭐⭐⭐⭐

TensorRT,NVIDIA,NVIDIA官方GPU推理加速引擎,不支持,⭐⭐⭐⭐⭐,⭐⭐,⭐⭐⭐,高,高性能GPU推理/数据中心/云端部署,"1.GPU推理速度最快比ONNX快2-5倍 2.深度优化(层融合/Kernel自动调优) 3.支持INT8/FP16混合精度 4.针对NVIDIA硬件深度优化 5.生产环境稳定性好","1.只能在NVIDIA GPU上运行CPU无法使用 2.模型转换复杂可能出现兼容性问题 3.部署环境要求高(需要CUDA/cuDNN) 4.调试困难 5.硬件绑定",2-5倍速度,ONNX/TensorFlow/PyTorch/Caffe,仅NVIDIA GPU(需CUDA),高,⭐⭐,⭐⭐,FP32/FP16/INT8/INT4,⭐⭐⭐⭐,⭐⭐⭐⭐,否,⭐⭐⭐⭐⭐(有GPU)

OpenVINO,Intel,Intel官方CPU推理优化引擎,⭐⭐⭐⭐⭐,⭐⭐,⭐⭐⭐,⭐⭐⭐⭐,中,Intel硬件/CPU密集型应用/边缘计算,"1.CPU推理比ONNX快30-50% 2.支持Intel各种硬件(CPU/集成显卡/神经计算棒) 3.模型量化工具强大 4.边缘设备友好 5.文档丰富","1.在非Intel硬件上性能一般 2.NVIDIA GPU支持较弱 3.生态相对封闭 4.模型转换需要额外步骤",1.3-1.5倍(CPU),OpenVINO IR/ONNX/TensorFlow/PyTorch,Intel CPU/集成显卡/Movidius,中,⭐⭐⭐,⭐⭐⭐⭐⭐,FP32/FP16/INT8,⭐⭐⭐⭐,⭐⭐⭐⭐,是,⭐⭐⭐⭐(Intel设备)

TensorFlow Lite,Google,移动端和嵌入式设备推理引擎,⭐⭐⭐,⭐⭐⭐,⭐⭐⭐⭐,⭐⭐⭐⭐,中,移动端(Android/iOS)/嵌入式设备,"1.移动端部署最佳选择 2.体积小资源占用低 3.支持GPU Delegate和NPU加速 4.Google生态支持完善 5.省电优化好 6.支持量化训练","1.桌面端性能一般 2.算子支持不如ONNX完整 3.主要服务TensorFlow模型 4.复杂模型支持有限",0.8-1.2倍(移动端),TFLite/TensorFlow/Keras,CPU/GPU/NPU/DSP,中,⭐⭐⭐⭐⭐,⭐⭐⭐⭐,FP32/FP16/INT8,⭐⭐⭐⭐,⭐⭐⭐⭐,是,⭐⭐⭐⭐(移动端)

PyTorch,Meta/Facebook,深度学习框架原生推理,⭐⭐,⭐⭐⭐,⭐⭐⭐⭐,⭐⭐⭐⭐⭐,低(开发环境),研究开发/快速实验/原型验证,"1.不需要模型转换 2.动态图调试方便 3.与训练代码无缝衔接 4.适合快速实验 5.生态完善 6.Python友好","1.推理速度慢比ONNX慢2-3倍 2.依赖大需要安装整个PyTorch 3.不适合生产部署 4.内存占用高 5.JIT优化有限",0.3-0.5倍,PyTorch原生格式,CPU/NVIDIA GPU,高,⭐⭐,⭐⭐,FP32/FP16,⭐⭐⭐⭐⭐,⭐⭐⭐⭐⭐,是,⭐⭐(仅研究)

ncnn,腾讯,ARM移动端推理优化引擎,⭐⭐⭐⭐(ARM),⭐⭐,⭐⭐⭐,⭐⭐⭐,中,ARM移动端/嵌入式Linux/Android应用,"1.ARM CPU性能极佳 2.体积小无第三方依赖 3.适合Android端部署 4.国产开源中文文档 5.编译简单 6.内存占用低","1.主要支持ARM x86性能一般 2.生态相对小众 3.GPU支持有限 4.算子覆盖不如ONNX完整 5.文档相对简单",1.5-2倍(ARM),ncnn格式/ONNX(需转换),ARM CPU/Vulkan GPU,低,⭐⭐⭐⭐⭐,⭐⭐⭐⭐,FP32/FP16/INT8,⭐⭐⭐,⭐⭐⭐,是,⭐⭐⭐⭐(ARM设备)

TensorFlow,Google,深度学习框架原生推理,⭐⭐,⭐⭐⭐,⭐⭐⭐⭐,⭐⭐⭐⭐,中,研究开发/Google生态/生产环境,"1.Google生态完善 2.SavedModel格式便于管理 3.TF Serving部署成熟 4.支持分布式推理 5.工具链完整","1.推理速度一般 2.依赖庞大 3.API复杂 4.2.x版本兼容性问题 5.动态图性能不如PyTorch",0.5-0.8倍,TensorFlow SavedModel/Keras,CPU/NVIDIA GPU/TPU,高,⭐⭐⭐,⭐⭐⭐,FP32/FP16/BF16,⭐⭐⭐⭐,⭐⭐⭐⭐,否,⭐⭐⭐(企业环境)

MNN,阿里巴巴,轻量级端侧推理引擎,⭐⭐⭐⭐,⭐⭐⭐,⭐⭐⭐⭐,⭐⭐⭐,中,移动端/嵌入式设备/边缘计算,"1.性能优秀支持多后端 2.支持动态shape 3.中文文档完善 4.轻量级依赖少 5.阿里生态支持","1.社区相对小 2.算子支持不如主流引擎完整 3.第三方工具少 4.主要服务阿里系产品",1.2-1.5倍,MNN格式/ONNX/TF/Caffe,CPU/GPU/NPU,中,⭐⭐⭐⭐,⭐⭐⭐⭐,FP32/FP16/INT8/INT4,⭐⭐⭐,⭐⭐⭐,是,⭐⭐⭐

Paddle Lite,百度,飞桨轻量化推理引擎,⭐⭐⭐⭐,⭐⭐⭐,⭐⭐⭐,⭐⭐⭐,中,移动端/国产硬件/边缘设备,"1.国产硬件支持好(华为NPU/瑞芯微等) 2.中文生态完善 3.模型压缩工具强 4.百度飞桨生态","1.主要服务PaddlePaddle模型 2.国际社区较小 3.非Paddle模型转换麻烦 4.文档质量参差不齐",1.0-1.3倍,PaddlePaddle格式,CPU/GPU/NPU/XPU,中,⭐⭐⭐⭐,⭐⭐⭐⭐,FP32/FP16/INT8,⭐⭐⭐,⭐⭐⭐,是,⭐⭐⭐(国产生态)

TVM,Apache社区,编译器级优化推理框架,⭐⭐⭐⭐,⭐⭐⭐⭐,⭐⭐⭐⭐⭐,⭐⭐,高,研究/自定义硬件/极致优化,"1.自动调优生成最优代码 2.支持各种硬件后端 3.编译器级优化 4.高度可定制 5.适合新硬件适配","1.学习曲线陡峭 2.调优时间长 3.调试困难 4.文档不够友好 5.适合专业用户",1.5-3倍(调优后),ONNX/TensorFlow/PyTorch/Keras,几乎所有硬件,高,⭐⭐,⭐⭐⭐,FP32/FP16/INT8,⭐⭐⭐,⭐⭐,否,⭐⭐⭐(专业场景)

CoreML,Apple,苹果生态推理引擎,⭐⭐⭐,⭐⭐⭐⭐,⭐(仅苹果),⭐⭐⭐⭐,低(苹果生态),iOS/macOS/Apple芯片设备,"1.苹果生态集成完美 2.Neural Engine加速 3.隐私保护好 4.功耗优化极致 5.Xcode集成方便","1.只能在苹果设备使用 2.生态封闭 3.跨平台能力差 4.模型转换可能有限制",1.5-2倍(苹果设备),CoreML格式,Apple CPU/GPU/Neural Engine,低(苹果生态),⭐⭐⭐⭐⭐,⭐⭐⭐,FP32/FP16,⭐⭐⭐,⭐⭐⭐⭐,是,⭐⭐⭐⭐⭐(苹果生态)

ONNXRuntime-Mobile,Microsoft,ONNX Runtime移动端优化版,⭐⭐⭐,⭐⭐⭐,⭐⭐⭐⭐,⭐⭐⭐⭐,低,移动端跨平台部署,"1.继承ONNX Runtime兼容性 2.体积优化 3.跨平台(Android/iOS) 4.易于集成 5.性能均衡","1.性能不如原生优化引擎(TFLite/ncnn) 2.体积仍比纯移动端引擎大 3.移动端特性支持有限",0.8-1.0倍,ONNX格式,CPU/GPU/NPU,低,⭐⭐⭐⭐,⭐⭐⭐,FP32/FP16/INT8,⭐⭐⭐⭐,⭐⭐⭐⭐,是,⭐⭐⭐⭐(移动端)
